<?xml version="1.0" encoding="UTF-8" ?>
<odoo>
    <data noupdate="1">
        <record id="service_schedule_action" model="ir.cron">
            <field name="name">Machine Service Schedule</field>
            <field name="model_id" ref="model_machine_management"/>
            <field name="state">code</field>
            <field name="code">model._schedule_action()</field>
            <field name="interval_number">1</field>
            <field name="interval_type">days</field>
            <field name="numbercall">-1</field>
        </record>
    </data>
</odoo>