<?xml version="1.0" encoding="UTF-8" ?>
<odoo>
<!--    <record id="website_machine_service" model="website.menu">-->
<!--        <field name="name">Service Request</field>-->
<!--        <field name="url">/requestservice</field>-->
<!--        <field name="parent_id" ref="website.main_menu"/>-->
<!--        <field name="sequence" type="int">90</field>-->

        <record id="website_machine_service_table" model="website.menu">
        <field name="name">Service Request</field>
        <field name="url">/servicetable</field>
        <field name="parent_id" ref="website.main_menu"/>
        <field name="sequence" type="int">90</field>
    </record>
</odoo>
