<?xml version="1.0" encoding="UTF-8" ?>
<odoo>

    <record id="management_module" model="ir.module.category">
        <field name="name">Machine Management</field>
        <field name="description">User level access of Machine Management module</field>
    </record>

    <record id="group_technical" model="res.groups">
        <field name="name">Technical Person</field>
        <field name="category_id" ref="management_module"/>
    </record>

    <record id="group_manager" model="res.groups">
        <field name="name">Manager</field>
        <field name="category_id" ref="management_module"/>
        <field name="implied_ids" eval="[(4,ref('group_technical'))]"/>
    </record>

    <record id="machine_management_comp" model="ir.rule">
        <field name="name">Machine Management Machines</field>
        <field name="model_id" ref="model_machine_management"/>
        <field name="domain_force">[('company_id','in',company_ids+[False])]</field>
    </record>

    <record id="service_technical" model="ir.rule">
        <field name="name">Personal Service</field>
        <field name="model_id" ref="model_machine_service"/>
        <field name="domain_force">[('tech_person_ids.id','=',user.id)]</field>
        <field name="groups" eval="[(Command.link(ref('machine_management.group_technical')))]"/>
    </record>

</odoo>